title,longitude,latitude,yearFrom,yearTo,kind,period
大三巴高地,113.54072,22.19756,1565,2026,Space,16世纪—至今
1835年圣保禄学院火灾,113.54072,22.19756,1835,1835,Event,1835.01.26
天主之母教堂前壁,113.54086,22.19738,1602,2026,Artifact,1602—1640
大炮台,113.54245,22.19728,1617,2026,Space,1617—至今
议事亭前地,113.53948,22.19364,1557,2026,Space,16世纪—至今
圣若瑟修院圣堂,113.53858,22.19228,1728,2026,Space,1728—至今
妈阁庙,113.53118,22.18612,1488,2026,Space,15世纪—至今
东望洋炮台,113.54972,22.19661,1622,2026,Space,1622—至今
2005年列入世界遗产,113.54035,22.19415,2005,2026,Event,2005.07.15
澳门历史城区,113.536,22.191,1557,2026,Space,16世纪—至今
